urn:cts:greekLit:tlg0012.tlg001.msA:24.1,urn:cite:hmt:msA.310v
urn:cts:greekLit:tlg0012.tlg001.msA:24.2,urn:cite:hmt:msA.310v
urn:cts:greekLit:tlg0012.tlg001.msA:24.3,urn:cite:hmt:msA.310v
urn:cts:greekLit:tlg0012.tlg001.msA:24.4,urn:cite:hmt:msA.310v
urn:cts:greekLit:tlg0012.tlg001.msA:24.5,urn:cite:hmt:msA.311r
urn:cts:greekLit:tlg0012.tlg001.msA:24.6,urn:cite:hmt:msA.311r
urn:cts:greekLit:tlg0012.tlg001.msA:24.7,urn:cite:hmt:msA.311r
urn:cts:greekLit:tlg0012.tlg001.msA:24.8,urn:cite:hmt:msA.311r
urn:cts:greekLit:tlg0012.tlg001.msA:24.9,urn:cite:hmt:msA.311r
urn:cts:greekLit:tlg0012.tlg001.msA:24.10,urn:cite:hmt:msA.311r
urn:cts:greekLit:tlg0012.tlg001.msA:24.11,urn:cite:hmt:msA.311r
urn:cts:greekLit:tlg0012.tlg001.msA:24.12,urn:cite:hmt:msA.311r
urn:cts:greekLit:tlg0012.tlg001.msA:24.13,urn:cite:hmt:msA.311r
urn:cts:greekLit:tlg0012.tlg001.msA:24.14,urn:cite:hmt:msA.311r
urn:cts:greekLit:tlg0012.tlg001.msA:24.15,urn:cite:hmt:msA.311r
urn:cts:greekLit:tlg0012.tlg001.msA:24.16,urn:cite:hmt:msA.311r
urn:cts:greekLit:tlg0012.tlg001.msA:24.17,urn:cite:hmt:msA.311r
urn:cts:greekLit:tlg0012.tlg001.msA:24.18,urn:cite:hmt:msA.311r
urn:cts:greekLit:tlg0012.tlg001.msA:24.19,urn:cite:hmt:msA.311r
urn:cts:greekLit:tlg0012.tlg001.msA:24.20,urn:cite:hmt:msA.311r
urn:cts:greekLit:tlg0012.tlg001.msA:24.21,urn:cite:hmt:msA.311r
urn:cts:greekLit:tlg0012.tlg001.msA:24.22,urn:cite:hmt:msA.311r
urn:cts:greekLit:tlg0012.tlg001.msA:24.23,urn:cite:hmt:msA.311r
urn:cts:greekLit:tlg0012.tlg001.msA:24.24,urn:cite:hmt:msA.311r
urn:cts:greekLit:tlg0012.tlg001.msA:24.25,urn:cite:hmt:msA.311r
urn:cts:greekLit:tlg0012.tlg001.msA:24.26,urn:cite:hmt:msA.311r
urn:cts:greekLit:tlg0012.tlg001.msA:24.27,urn:cite:hmt:msA.311r
urn:cts:greekLit:tlg0012.tlg001.msA:24.28,urn:cite:hmt:msA.311r
urn:cts:greekLit:tlg0012.tlg001.msA:24.29,urn:cite:hmt:msA.311r
urn:cts:greekLit:tlg0012.tlg001.msA:24.30,urn:cite:hmt:msA.311v
urn:cts:greekLit:tlg0012.tlg001.msA:24.31,urn:cite:hmt:msA.311v
urn:cts:greekLit:tlg0012.tlg001.msA:24.32,urn:cite:hmt:msA.311v
urn:cts:greekLit:tlg0012.tlg001.msA:24.33,urn:cite:hmt:msA.311v
urn:cts:greekLit:tlg0012.tlg001.msA:24.34,urn:cite:hmt:msA.311v
urn:cts:greekLit:tlg0012.tlg001.msA:24.35,urn:cite:hmt:msA.311v
urn:cts:greekLit:tlg0012.tlg001.msA:24.36,urn:cite:hmt:msA.311v
urn:cts:greekLit:tlg0012.tlg001.msA:24.37,urn:cite:hmt:msA.311v
urn:cts:greekLit:tlg0012.tlg001.msA:24.38,urn:cite:hmt:msA.311v
urn:cts:greekLit:tlg0012.tlg001.msA:24.39,urn:cite:hmt:msA.311v
urn:cts:greekLit:tlg0012.tlg001.msA:24.40,urn:cite:hmt:msA.311v
urn:cts:greekLit:tlg0012.tlg001.msA:24.41,urn:cite:hmt:msA.311v
urn:cts:greekLit:tlg0012.tlg001.msA:24.42,urn:cite:hmt:msA.311v
urn:cts:greekLit:tlg0012.tlg001.msA:24.43,urn:cite:hmt:msA.311v
urn:cts:greekLit:tlg0012.tlg001.msA:24.44,urn:cite:hmt:msA.311v
urn:cts:greekLit:tlg0012.tlg001.msA:24.45,urn:cite:hmt:msA.311v
urn:cts:greekLit:tlg0012.tlg001.msA:24.46,urn:cite:hmt:msA.311v
urn:cts:greekLit:tlg0012.tlg001.msA:24.47,urn:cite:hmt:msA.311v
urn:cts:greekLit:tlg0012.tlg001.msA:24.48,urn:cite:hmt:msA.311v
urn:cts:greekLit:tlg0012.tlg001.msA:24.49,urn:cite:hmt:msA.311v
urn:cts:greekLit:tlg0012.tlg001.msA:24.50,urn:cite:hmt:msA.311v
urn:cts:greekLit:tlg0012.tlg001.msA:24.51,urn:cite:hmt:msA.311v
urn:cts:greekLit:tlg0012.tlg001.msA:24.52,urn:cite:hmt:msA.311v
urn:cts:greekLit:tlg0012.tlg001.msA:24.53,urn:cite:hmt:msA.311v
urn:cts:greekLit:tlg0012.tlg001.msA:24.54,urn:cite:hmt:msA.311v
urn:cts:greekLit:tlg0012.tlg001.msA:24.55,urn:cite:hmt:msA.312r
urn:cts:greekLit:tlg0012.tlg001.msA:24.56,urn:cite:hmt:msA.312r
urn:cts:greekLit:tlg0012.tlg001.msA:24.57,urn:cite:hmt:msA.312r
urn:cts:greekLit:tlg0012.tlg001.msA:24.58,urn:cite:hmt:msA.312r
urn:cts:greekLit:tlg0012.tlg001.msA:24.59,urn:cite:hmt:msA.312r
urn:cts:greekLit:tlg0012.tlg001.msA:24.60,urn:cite:hmt:msA.312r
urn:cts:greekLit:tlg0012.tlg001.msA:24.61,urn:cite:hmt:msA.312r
urn:cts:greekLit:tlg0012.tlg001.msA:24.62,urn:cite:hmt:msA.312r
urn:cts:greekLit:tlg0012.tlg001.msA:24.63,urn:cite:hmt:msA.312r
urn:cts:greekLit:tlg0012.tlg001.msA:24.64,urn:cite:hmt:msA.312r
urn:cts:greekLit:tlg0012.tlg001.msA:24.65,urn:cite:hmt:msA.312r
urn:cts:greekLit:tlg0012.tlg001.msA:24.66,urn:cite:hmt:msA.312r
urn:cts:greekLit:tlg0012.tlg001.msA:24.67,urn:cite:hmt:msA.312r
urn:cts:greekLit:tlg0012.tlg001.msA:24.68,urn:cite:hmt:msA.312r
urn:cts:greekLit:tlg0012.tlg001.msA:24.69,urn:cite:hmt:msA.312r
urn:cts:greekLit:tlg0012.tlg001.msA:24.70,urn:cite:hmt:msA.312r
urn:cts:greekLit:tlg0012.tlg001.msA:24.71,urn:cite:hmt:msA.312r
urn:cts:greekLit:tlg0012.tlg001.msA:24.72,urn:cite:hmt:msA.312r
urn:cts:greekLit:tlg0012.tlg001.msA:24.73,urn:cite:hmt:msA.312r
urn:cts:greekLit:tlg0012.tlg001.msA:24.74,urn:cite:hmt:msA.312r
urn:cts:greekLit:tlg0012.tlg001.msA:24.75,urn:cite:hmt:msA.312r
urn:cts:greekLit:tlg0012.tlg001.msA:24.76,urn:cite:hmt:msA.312r
urn:cts:greekLit:tlg0012.tlg001.msA:24.77,urn:cite:hmt:msA.312r
urn:cts:greekLit:tlg0012.tlg001.msA:24.78,urn:cite:hmt:msA.312r
urn:cts:greekLit:tlg0012.tlg001.msA:24.79,urn:cite:hmt:msA.312r
urn:cts:greekLit:tlg0012.tlg001.msA:24.80,urn:cite:hmt:msA.312v
urn:cts:greekLit:tlg0012.tlg001.msA:24.81,urn:cite:hmt:msA.312v
urn:cts:greekLit:tlg0012.tlg001.msA:24.82,urn:cite:hmt:msA.312v
urn:cts:greekLit:tlg0012.tlg001.msA:24.83,urn:cite:hmt:msA.312v
urn:cts:greekLit:tlg0012.tlg001.msA:24.84,urn:cite:hmt:msA.312v
urn:cts:greekLit:tlg0012.tlg001.msA:24.85,urn:cite:hmt:msA.312v
urn:cts:greekLit:tlg0012.tlg001.msA:24.86,urn:cite:hmt:msA.312v
urn:cts:greekLit:tlg0012.tlg001.msA:24.87,urn:cite:hmt:msA.312v
urn:cts:greekLit:tlg0012.tlg001.msA:24.88,urn:cite:hmt:msA.312v
urn:cts:greekLit:tlg0012.tlg001.msA:24.89,urn:cite:hmt:msA.312v
urn:cts:greekLit:tlg0012.tlg001.msA:24.90,urn:cite:hmt:msA.312v
urn:cts:greekLit:tlg0012.tlg001.msA:24.91,urn:cite:hmt:msA.312v
urn:cts:greekLit:tlg0012.tlg001.msA:24.92,urn:cite:hmt:msA.312v
urn:cts:greekLit:tlg0012.tlg001.msA:24.93,urn:cite:hmt:msA.312v
urn:cts:greekLit:tlg0012.tlg001.msA:24.94,urn:cite:hmt:msA.312v
urn:cts:greekLit:tlg0012.tlg001.msA:24.95,urn:cite:hmt:msA.312v
urn:cts:greekLit:tlg0012.tlg001.msA:24.96,urn:cite:hmt:msA.312v
urn:cts:greekLit:tlg0012.tlg001.msA:24.97,urn:cite:hmt:msA.312v
urn:cts:greekLit:tlg0012.tlg001.msA:24.98,urn:cite:hmt:msA.312v
urn:cts:greekLit:tlg0012.tlg001.msA:24.99,urn:cite:hmt:msA.312v
urn:cts:greekLit:tlg0012.tlg001.msA:24.100,urn:cite:hmt:msA.312v
urn:cts:greekLit:tlg0012.tlg001.msA:24.101,urn:cite:hmt:msA.312v
urn:cts:greekLit:tlg0012.tlg001.msA:24.102,urn:cite:hmt:msA.312v
urn:cts:greekLit:tlg0012.tlg001.msA:24.103,urn:cite:hmt:msA.312v
urn:cts:greekLit:tlg0012.tlg001.msA:24.104,urn:cite:hmt:msA.312v
urn:cts:greekLit:tlg0012.tlg001.msA:24.105,urn:cite:hmt:msA.313r
urn:cts:greekLit:tlg0012.tlg001.msA:24.106,urn:cite:hmt:msA.313r
urn:cts:greekLit:tlg0012.tlg001.msA:24.107,urn:cite:hmt:msA.313r
urn:cts:greekLit:tlg0012.tlg001.msA:24.108,urn:cite:hmt:msA.313r
urn:cts:greekLit:tlg0012.tlg001.msA:24.109,urn:cite:hmt:msA.313r
urn:cts:greekLit:tlg0012.tlg001.msA:24.110,urn:cite:hmt:msA.313r
urn:cts:greekLit:tlg0012.tlg001.msA:24.111,urn:cite:hmt:msA.313r
urn:cts:greekLit:tlg0012.tlg001.msA:24.112,urn:cite:hmt:msA.313r
urn:cts:greekLit:tlg0012.tlg001.msA:24.113,urn:cite:hmt:msA.313r
urn:cts:greekLit:tlg0012.tlg001.msA:24.114,urn:cite:hmt:msA.313r
urn:cts:greekLit:tlg0012.tlg001.msA:24.115,urn:cite:hmt:msA.313r
urn:cts:greekLit:tlg0012.tlg001.msA:24.116,urn:cite:hmt:msA.313r
urn:cts:greekLit:tlg0012.tlg001.msA:24.117,urn:cite:hmt:msA.313r
urn:cts:greekLit:tlg0012.tlg001.msA:24.118,urn:cite:hmt:msA.313r
urn:cts:greekLit:tlg0012.tlg001.msA:24.119,urn:cite:hmt:msA.313r
urn:cts:greekLit:tlg0012.tlg001.msA:24.120,urn:cite:hmt:msA.313r
urn:cts:greekLit:tlg0012.tlg001.msA:24.121,urn:cite:hmt:msA.313r
urn:cts:greekLit:tlg0012.tlg001.msA:24.122,urn:cite:hmt:msA.313r
urn:cts:greekLit:tlg0012.tlg001.msA:24.123,urn:cite:hmt:msA.313r
urn:cts:greekLit:tlg0012.tlg001.msA:24.124,urn:cite:hmt:msA.313r
urn:cts:greekLit:tlg0012.tlg001.msA:24.125,urn:cite:hmt:msA.313r
urn:cts:greekLit:tlg0012.tlg001.msA:24.126,urn:cite:hmt:msA.313r
urn:cts:greekLit:tlg0012.tlg001.msA:24.127,urn:cite:hmt:msA.313r
urn:cts:greekLit:tlg0012.tlg001.msA:24.128,urn:cite:hmt:msA.313r
urn:cts:greekLit:tlg0012.tlg001.msA:24.129,urn:cite:hmt:msA.313r
urn:cts:greekLit:tlg0012.tlg001.msA:24.130,urn:cite:hmt:msA.313v
urn:cts:greekLit:tlg0012.tlg001.msA:24.131,urn:cite:hmt:msA.313v
urn:cts:greekLit:tlg0012.tlg001.msA:24.132,urn:cite:hmt:msA.313v
urn:cts:greekLit:tlg0012.tlg001.msA:24.133,urn:cite:hmt:msA.313v
urn:cts:greekLit:tlg0012.tlg001.msA:24.134,urn:cite:hmt:msA.313v
urn:cts:greekLit:tlg0012.tlg001.msA:24.135,urn:cite:hmt:msA.313v
urn:cts:greekLit:tlg0012.tlg001.msA:24.136,urn:cite:hmt:msA.313v
urn:cts:greekLit:tlg0012.tlg001.msA:24.137,urn:cite:hmt:msA.313v
urn:cts:greekLit:tlg0012.tlg001.msA:24.138,urn:cite:hmt:msA.313v
urn:cts:greekLit:tlg0012.tlg001.msA:24.139,urn:cite:hmt:msA.313v
urn:cts:greekLit:tlg0012.tlg001.msA:24.140,urn:cite:hmt:msA.313v
urn:cts:greekLit:tlg0012.tlg001.msA:24.141,urn:cite:hmt:msA.313v
urn:cts:greekLit:tlg0012.tlg001.msA:24.142,urn:cite:hmt:msA.313v
urn:cts:greekLit:tlg0012.tlg001.msA:24.143,urn:cite:hmt:msA.313v
urn:cts:greekLit:tlg0012.tlg001.msA:24.144,urn:cite:hmt:msA.313v
urn:cts:greekLit:tlg0012.tlg001.msA:24.145,urn:cite:hmt:msA.313v
urn:cts:greekLit:tlg0012.tlg001.msA:24.146,urn:cite:hmt:msA.313v
urn:cts:greekLit:tlg0012.tlg001.msA:24.147,urn:cite:hmt:msA.313v
urn:cts:greekLit:tlg0012.tlg001.msA:24.148,urn:cite:hmt:msA.313v
urn:cts:greekLit:tlg0012.tlg001.msA:24.149,urn:cite:hmt:msA.313v
urn:cts:greekLit:tlg0012.tlg001.msA:24.150,urn:cite:hmt:msA.313v
urn:cts:greekLit:tlg0012.tlg001.msA:24.151,urn:cite:hmt:msA.313v
urn:cts:greekLit:tlg0012.tlg001.msA:24.152,urn:cite:hmt:msA.313v
urn:cts:greekLit:tlg0012.tlg001.msA:24.153,urn:cite:hmt:msA.313v
urn:cts:greekLit:tlg0012.tlg001.msA:24.154,urn:cite:hmt:msA.313v
urn:cts:greekLit:tlg0012.tlg001.msA:24.155,urn:cite:hmt:msA.314r
urn:cts:greekLit:tlg0012.tlg001.msA:24.156,urn:cite:hmt:msA.314r
urn:cts:greekLit:tlg0012.tlg001.msA:24.157,urn:cite:hmt:msA.314r
urn:cts:greekLit:tlg0012.tlg001.msA:24.158,urn:cite:hmt:msA.314r
urn:cts:greekLit:tlg0012.tlg001.msA:24.159,urn:cite:hmt:msA.314r
urn:cts:greekLit:tlg0012.tlg001.msA:24.160,urn:cite:hmt:msA.314r
urn:cts:greekLit:tlg0012.tlg001.msA:24.161,urn:cite:hmt:msA.314r
urn:cts:greekLit:tlg0012.tlg001.msA:24.162,urn:cite:hmt:msA.314r
urn:cts:greekLit:tlg0012.tlg001.msA:24.163,urn:cite:hmt:msA.314r
urn:cts:greekLit:tlg0012.tlg001.msA:24.164,urn:cite:hmt:msA.314r
urn:cts:greekLit:tlg0012.tlg001.msA:24.165,urn:cite:hmt:msA.314r
urn:cts:greekLit:tlg0012.tlg001.msA:24.166,urn:cite:hmt:msA.314r
urn:cts:greekLit:tlg0012.tlg001.msA:24.167,urn:cite:hmt:msA.314r
urn:cts:greekLit:tlg0012.tlg001.msA:24.168,urn:cite:hmt:msA.314r
urn:cts:greekLit:tlg0012.tlg001.msA:24.169,urn:cite:hmt:msA.314r
urn:cts:greekLit:tlg0012.tlg001.msA:24.170,urn:cite:hmt:msA.314r
urn:cts:greekLit:tlg0012.tlg001.msA:24.171,urn:cite:hmt:msA.314r
urn:cts:greekLit:tlg0012.tlg001.msA:24.172,urn:cite:hmt:msA.314r
urn:cts:greekLit:tlg0012.tlg001.msA:24.173,urn:cite:hmt:msA.314r
urn:cts:greekLit:tlg0012.tlg001.msA:24.174,urn:cite:hmt:msA.314r
urn:cts:greekLit:tlg0012.tlg001.msA:24.175,urn:cite:hmt:msA.314r
urn:cts:greekLit:tlg0012.tlg001.msA:24.176,urn:cite:hmt:msA.314r
urn:cts:greekLit:tlg0012.tlg001.msA:24.177,urn:cite:hmt:msA.314r
urn:cts:greekLit:tlg0012.tlg001.msA:24.178,urn:cite:hmt:msA.314r
urn:cts:greekLit:tlg0012.tlg001.msA:24.179,urn:cite:hmt:msA.314r
urn:cts:greekLit:tlg0012.tlg001.msA:24.180,urn:cite:hmt:msA.314v
urn:cts:greekLit:tlg0012.tlg001.msA:24.181,urn:cite:hmt:msA.314v
urn:cts:greekLit:tlg0012.tlg001.msA:24.182,urn:cite:hmt:msA.314v
urn:cts:greekLit:tlg0012.tlg001.msA:24.183,urn:cite:hmt:msA.314v
urn:cts:greekLit:tlg0012.tlg001.msA:24.184,urn:cite:hmt:msA.314v
urn:cts:greekLit:tlg0012.tlg001.msA:24.185,urn:cite:hmt:msA.314v
urn:cts:greekLit:tlg0012.tlg001.msA:24.186,urn:cite:hmt:msA.314v
urn:cts:greekLit:tlg0012.tlg001.msA:24.187,urn:cite:hmt:msA.314v
urn:cts:greekLit:tlg0012.tlg001.msA:24.188,urn:cite:hmt:msA.314v
urn:cts:greekLit:tlg0012.tlg001.msA:24.189,urn:cite:hmt:msA.314v
urn:cts:greekLit:tlg0012.tlg001.msA:24.190,urn:cite:hmt:msA.314v
urn:cts:greekLit:tlg0012.tlg001.msA:24.191,urn:cite:hmt:msA.314v
urn:cts:greekLit:tlg0012.tlg001.msA:24.192,urn:cite:hmt:msA.314v
urn:cts:greekLit:tlg0012.tlg001.msA:24.193,urn:cite:hmt:msA.314v
urn:cts:greekLit:tlg0012.tlg001.msA:24.194,urn:cite:hmt:msA.314v
urn:cts:greekLit:tlg0012.tlg001.msA:24.195,urn:cite:hmt:msA.314v
urn:cts:greekLit:tlg0012.tlg001.msA:24.196,urn:cite:hmt:msA.314v
urn:cts:greekLit:tlg0012.tlg001.msA:24.197,urn:cite:hmt:msA.314v
urn:cts:greekLit:tlg0012.tlg001.msA:24.198,urn:cite:hmt:msA.314v
urn:cts:greekLit:tlg0012.tlg001.msA:24.199,urn:cite:hmt:msA.314v
urn:cts:greekLit:tlg0012.tlg001.msA:24.200,urn:cite:hmt:msA.314v
urn:cts:greekLit:tlg0012.tlg001.msA:24.201,urn:cite:hmt:msA.314v
urn:cts:greekLit:tlg0012.tlg001.msA:24.202,urn:cite:hmt:msA.314v
urn:cts:greekLit:tlg0012.tlg001.msA:24.203,urn:cite:hmt:msA.314v
urn:cts:greekLit:tlg0012.tlg001.msA:24.204,urn:cite:hmt:msA.314v
urn:cts:greekLit:tlg0012.tlg001.msA:24.205,urn:cite:hmt:msA.315r
urn:cts:greekLit:tlg0012.tlg001.msA:24.206,urn:cite:hmt:msA.315r
urn:cts:greekLit:tlg0012.tlg001.msA:24.207,urn:cite:hmt:msA.315r
urn:cts:greekLit:tlg0012.tlg001.msA:24.208,urn:cite:hmt:msA.315r
urn:cts:greekLit:tlg0012.tlg001.msA:24.209,urn:cite:hmt:msA.315r
urn:cts:greekLit:tlg0012.tlg001.msA:24.210,urn:cite:hmt:msA.315r
urn:cts:greekLit:tlg0012.tlg001.msA:24.211,urn:cite:hmt:msA.315r
urn:cts:greekLit:tlg0012.tlg001.msA:24.212,urn:cite:hmt:msA.315r
urn:cts:greekLit:tlg0012.tlg001.msA:24.213,urn:cite:hmt:msA.315r
urn:cts:greekLit:tlg0012.tlg001.msA:24.214,urn:cite:hmt:msA.315r
urn:cts:greekLit:tlg0012.tlg001.msA:24.215,urn:cite:hmt:msA.315r
urn:cts:greekLit:tlg0012.tlg001.msA:24.216,urn:cite:hmt:msA.315r
urn:cts:greekLit:tlg0012.tlg001.msA:24.217,urn:cite:hmt:msA.315r
urn:cts:greekLit:tlg0012.tlg001.msA:24.218,urn:cite:hmt:msA.315r
urn:cts:greekLit:tlg0012.tlg001.msA:24.219,urn:cite:hmt:msA.315r
urn:cts:greekLit:tlg0012.tlg001.msA:24.220,urn:cite:hmt:msA.315r
urn:cts:greekLit:tlg0012.tlg001.msA:24.221,urn:cite:hmt:msA.315r
urn:cts:greekLit:tlg0012.tlg001.msA:24.222,urn:cite:hmt:msA.315r
urn:cts:greekLit:tlg0012.tlg001.msA:24.223,urn:cite:hmt:msA.315r
urn:cts:greekLit:tlg0012.tlg001.msA:24.224,urn:cite:hmt:msA.315r
urn:cts:greekLit:tlg0012.tlg001.msA:24.225,urn:cite:hmt:msA.315r
urn:cts:greekLit:tlg0012.tlg001.msA:24.226,urn:cite:hmt:msA.315r
urn:cts:greekLit:tlg0012.tlg001.msA:24.227,urn:cite:hmt:msA.315r
urn:cts:greekLit:tlg0012.tlg001.msA:24.228,urn:cite:hmt:msA.315r
urn:cts:greekLit:tlg0012.tlg001.msA:24.229,urn:cite:hmt:msA.315r
urn:cts:greekLit:tlg0012.tlg001.msA:24.230,urn:cite:hmt:msA.315v
urn:cts:greekLit:tlg0012.tlg001.msA:24.231,urn:cite:hmt:msA.315v
urn:cts:greekLit:tlg0012.tlg001.msA:24.232,urn:cite:hmt:msA.315v
urn:cts:greekLit:tlg0012.tlg001.msA:24.233,urn:cite:hmt:msA.315v
urn:cts:greekLit:tlg0012.tlg001.msA:24.234,urn:cite:hmt:msA.315v
urn:cts:greekLit:tlg0012.tlg001.msA:24.235,urn:cite:hmt:msA.315v
urn:cts:greekLit:tlg0012.tlg001.msA:24.236,urn:cite:hmt:msA.315v
urn:cts:greekLit:tlg0012.tlg001.msA:24.237,urn:cite:hmt:msA.315v
urn:cts:greekLit:tlg0012.tlg001.msA:24.238,urn:cite:hmt:msA.315v
urn:cts:greekLit:tlg0012.tlg001.msA:24.239,urn:cite:hmt:msA.315v
urn:cts:greekLit:tlg0012.tlg001.msA:24.240,urn:cite:hmt:msA.315v
urn:cts:greekLit:tlg0012.tlg001.msA:24.241,urn:cite:hmt:msA.315v
urn:cts:greekLit:tlg0012.tlg001.msA:24.242,urn:cite:hmt:msA.315v
urn:cts:greekLit:tlg0012.tlg001.msA:24.243,urn:cite:hmt:msA.315v
urn:cts:greekLit:tlg0012.tlg001.msA:24.244,urn:cite:hmt:msA.315v
urn:cts:greekLit:tlg0012.tlg001.msA:24.245,urn:cite:hmt:msA.315v
urn:cts:greekLit:tlg0012.tlg001.msA:24.246,urn:cite:hmt:msA.315v
urn:cts:greekLit:tlg0012.tlg001.msA:24.247,urn:cite:hmt:msA.315v
urn:cts:greekLit:tlg0012.tlg001.msA:24.248,urn:cite:hmt:msA.315v
urn:cts:greekLit:tlg0012.tlg001.msA:24.249,urn:cite:hmt:msA.315v
urn:cts:greekLit:tlg0012.tlg001.msA:24.250,urn:cite:hmt:msA.315v
urn:cts:greekLit:tlg0012.tlg001.msA:24.251,urn:cite:hmt:msA.315v
urn:cts:greekLit:tlg0012.tlg001.msA:24.252,urn:cite:hmt:msA.315v
urn:cts:greekLit:tlg0012.tlg001.msA:24.253,urn:cite:hmt:msA.315v
urn:cts:greekLit:tlg0012.tlg001.msA:24.254,urn:cite:hmt:msA.315v
urn:cts:greekLit:tlg0012.tlg001.msA:24.255,urn:cite:hmt:msA.316r
urn:cts:greekLit:tlg0012.tlg001.msA:24.256,urn:cite:hmt:msA.316r
urn:cts:greekLit:tlg0012.tlg001.msA:24.257,urn:cite:hmt:msA.316r
urn:cts:greekLit:tlg0012.tlg001.msA:24.258,urn:cite:hmt:msA.316r
urn:cts:greekLit:tlg0012.tlg001.msA:24.259,urn:cite:hmt:msA.316r
urn:cts:greekLit:tlg0012.tlg001.msA:24.260,urn:cite:hmt:msA.316r
urn:cts:greekLit:tlg0012.tlg001.msA:24.261,urn:cite:hmt:msA.316r
urn:cts:greekLit:tlg0012.tlg001.msA:24.262,urn:cite:hmt:msA.316r
urn:cts:greekLit:tlg0012.tlg001.msA:24.263,urn:cite:hmt:msA.316r
urn:cts:greekLit:tlg0012.tlg001.msA:24.264,urn:cite:hmt:msA.316r
urn:cts:greekLit:tlg0012.tlg001.msA:24.265,urn:cite:hmt:msA.316r
urn:cts:greekLit:tlg0012.tlg001.msA:24.266,urn:cite:hmt:msA.316r
urn:cts:greekLit:tlg0012.tlg001.msA:24.267,urn:cite:hmt:msA.316r
urn:cts:greekLit:tlg0012.tlg001.msA:24.268,urn:cite:hmt:msA.316r
urn:cts:greekLit:tlg0012.tlg001.msA:24.269,urn:cite:hmt:msA.316r
urn:cts:greekLit:tlg0012.tlg001.msA:24.270,urn:cite:hmt:msA.316r
urn:cts:greekLit:tlg0012.tlg001.msA:24.271,urn:cite:hmt:msA.316r
urn:cts:greekLit:tlg0012.tlg001.msA:24.272,urn:cite:hmt:msA.316r
urn:cts:greekLit:tlg0012.tlg001.msA:24.273,urn:cite:hmt:msA.316r
urn:cts:greekLit:tlg0012.tlg001.msA:24.274,urn:cite:hmt:msA.316r
urn:cts:greekLit:tlg0012.tlg001.msA:24.275,urn:cite:hmt:msA.316r
urn:cts:greekLit:tlg0012.tlg001.msA:24.276,urn:cite:hmt:msA.316r
urn:cts:greekLit:tlg0012.tlg001.msA:24.277,urn:cite:hmt:msA.316r
urn:cts:greekLit:tlg0012.tlg001.msA:24.278,urn:cite:hmt:msA.316r
urn:cts:greekLit:tlg0012.tlg001.msA:24.279,urn:cite:hmt:msA.316r
urn:cts:greekLit:tlg0012.tlg001.msA:24.280,urn:cite:hmt:msA.316v
urn:cts:greekLit:tlg0012.tlg001.msA:24.281,urn:cite:hmt:msA.316v
urn:cts:greekLit:tlg0012.tlg001.msA:24.282,urn:cite:hmt:msA.316v
urn:cts:greekLit:tlg0012.tlg001.msA:24.283,urn:cite:hmt:msA.316v
urn:cts:greekLit:tlg0012.tlg001.msA:24.284,urn:cite:hmt:msA.316v
urn:cts:greekLit:tlg0012.tlg001.msA:24.285,urn:cite:hmt:msA.316v
urn:cts:greekLit:tlg0012.tlg001.msA:24.286,urn:cite:hmt:msA.316v
urn:cts:greekLit:tlg0012.tlg001.msA:24.287,urn:cite:hmt:msA.316v
urn:cts:greekLit:tlg0012.tlg001.msA:24.288,urn:cite:hmt:msA.316v
urn:cts:greekLit:tlg0012.tlg001.msA:24.289,urn:cite:hmt:msA.316v
urn:cts:greekLit:tlg0012.tlg001.msA:24.290,urn:cite:hmt:msA.316v
urn:cts:greekLit:tlg0012.tlg001.msA:24.291,urn:cite:hmt:msA.316v
urn:cts:greekLit:tlg0012.tlg001.msA:24.292,urn:cite:hmt:msA.316v
urn:cts:greekLit:tlg0012.tlg001.msA:24.293,urn:cite:hmt:msA.316v
urn:cts:greekLit:tlg0012.tlg001.msA:24.294,urn:cite:hmt:msA.316v
urn:cts:greekLit:tlg0012.tlg001.msA:24.295,urn:cite:hmt:msA.316v
urn:cts:greekLit:tlg0012.tlg001.msA:24.296,urn:cite:hmt:msA.316v
urn:cts:greekLit:tlg0012.tlg001.msA:24.297,urn:cite:hmt:msA.316v
urn:cts:greekLit:tlg0012.tlg001.msA:24.298,urn:cite:hmt:msA.316v
urn:cts:greekLit:tlg0012.tlg001.msA:24.299,urn:cite:hmt:msA.316v
urn:cts:greekLit:tlg0012.tlg001.msA:24.300,urn:cite:hmt:msA.316v
urn:cts:greekLit:tlg0012.tlg001.msA:24.301,urn:cite:hmt:msA.316v
urn:cts:greekLit:tlg0012.tlg001.msA:24.302,urn:cite:hmt:msA.316v
urn:cts:greekLit:tlg0012.tlg001.msA:24.303,urn:cite:hmt:msA.316v
urn:cts:greekLit:tlg0012.tlg001.msA:24.304,urn:cite:hmt:msA.316v
urn:cts:greekLit:tlg0012.tlg001.msA:24.305,urn:cite:hmt:msA.317r
urn:cts:greekLit:tlg0012.tlg001.msA:24.306,urn:cite:hmt:msA.317r
urn:cts:greekLit:tlg0012.tlg001.msA:24.307,urn:cite:hmt:msA.317r
urn:cts:greekLit:tlg0012.tlg001.msA:24.308,urn:cite:hmt:msA.317r
urn:cts:greekLit:tlg0012.tlg001.msA:24.309,urn:cite:hmt:msA.317r
urn:cts:greekLit:tlg0012.tlg001.msA:24.310,urn:cite:hmt:msA.317r
urn:cts:greekLit:tlg0012.tlg001.msA:24.311,urn:cite:hmt:msA.317r
urn:cts:greekLit:tlg0012.tlg001.msA:24.312,urn:cite:hmt:msA.317r
urn:cts:greekLit:tlg0012.tlg001.msA:24.313,urn:cite:hmt:msA.317r
urn:cts:greekLit:tlg0012.tlg001.msA:24.314,urn:cite:hmt:msA.317r
urn:cts:greekLit:tlg0012.tlg001.msA:24.315,urn:cite:hmt:msA.317r
urn:cts:greekLit:tlg0012.tlg001.msA:24.316,urn:cite:hmt:msA.317r
urn:cts:greekLit:tlg0012.tlg001.msA:24.317,urn:cite:hmt:msA.317r
urn:cts:greekLit:tlg0012.tlg001.msA:24.318,urn:cite:hmt:msA.317r
urn:cts:greekLit:tlg0012.tlg001.msA:24.319,urn:cite:hmt:msA.317r
urn:cts:greekLit:tlg0012.tlg001.msA:24.320,urn:cite:hmt:msA.317r
urn:cts:greekLit:tlg0012.tlg001.msA:24.321,urn:cite:hmt:msA.317r
urn:cts:greekLit:tlg0012.tlg001.msA:24.322,urn:cite:hmt:msA.317r
urn:cts:greekLit:tlg0012.tlg001.msA:24.323,urn:cite:hmt:msA.317r
urn:cts:greekLit:tlg0012.tlg001.msA:24.324,urn:cite:hmt:msA.317r
urn:cts:greekLit:tlg0012.tlg001.msA:24.325,urn:cite:hmt:msA.317r
urn:cts:greekLit:tlg0012.tlg001.msA:24.326,urn:cite:hmt:msA.317r
urn:cts:greekLit:tlg0012.tlg001.msA:24.327,urn:cite:hmt:msA.317r
urn:cts:greekLit:tlg0012.tlg001.msA:24.328,urn:cite:hmt:msA.317r
urn:cts:greekLit:tlg0012.tlg001.msA:24.329,urn:cite:hmt:msA.317r
urn:cts:greekLit:tlg0012.tlg001.msA:24.330,urn:cite:hmt:msA.317v
urn:cts:greekLit:tlg0012.tlg001.msA:24.331,urn:cite:hmt:msA.317v
urn:cts:greekLit:tlg0012.tlg001.msA:24.332,urn:cite:hmt:msA.317v
urn:cts:greekLit:tlg0012.tlg001.msA:24.333,urn:cite:hmt:msA.317v
urn:cts:greekLit:tlg0012.tlg001.msA:24.334,urn:cite:hmt:msA.317v
urn:cts:greekLit:tlg0012.tlg001.msA:24.335,urn:cite:hmt:msA.317v
urn:cts:greekLit:tlg0012.tlg001.msA:24.336,urn:cite:hmt:msA.317v
urn:cts:greekLit:tlg0012.tlg001.msA:24.337,urn:cite:hmt:msA.317v
urn:cts:greekLit:tlg0012.tlg001.msA:24.338,urn:cite:hmt:msA.317v
urn:cts:greekLit:tlg0012.tlg001.msA:24.339,urn:cite:hmt:msA.317v
urn:cts:greekLit:tlg0012.tlg001.msA:24.340,urn:cite:hmt:msA.317v
urn:cts:greekLit:tlg0012.tlg001.msA:24.341,urn:cite:hmt:msA.317v
urn:cts:greekLit:tlg0012.tlg001.msA:24.342,urn:cite:hmt:msA.317v
urn:cts:greekLit:tlg0012.tlg001.msA:24.343,urn:cite:hmt:msA.317v
urn:cts:greekLit:tlg0012.tlg001.msA:24.344,urn:cite:hmt:msA.317v
urn:cts:greekLit:tlg0012.tlg001.msA:24.345,urn:cite:hmt:msA.317v
urn:cts:greekLit:tlg0012.tlg001.msA:24.346,urn:cite:hmt:msA.317v
urn:cts:greekLit:tlg0012.tlg001.msA:24.347,urn:cite:hmt:msA.317v
urn:cts:greekLit:tlg0012.tlg001.msA:24.348,urn:cite:hmt:msA.317v
urn:cts:greekLit:tlg0012.tlg001.msA:24.349,urn:cite:hmt:msA.317v
urn:cts:greekLit:tlg0012.tlg001.msA:24.350,urn:cite:hmt:msA.317v
urn:cts:greekLit:tlg0012.tlg001.msA:24.351,urn:cite:hmt:msA.317v
urn:cts:greekLit:tlg0012.tlg001.msA:24.352,urn:cite:hmt:msA.317v
urn:cts:greekLit:tlg0012.tlg001.msA:24.353,urn:cite:hmt:msA.317v
urn:cts:greekLit:tlg0012.tlg001.msA:24.354,urn:cite:hmt:msA.317v
urn:cts:greekLit:tlg0012.tlg001.msA:24.355,urn:cite:hmt:msA.318r
urn:cts:greekLit:tlg0012.tlg001.msA:24.356,urn:cite:hmt:msA.318r
urn:cts:greekLit:tlg0012.tlg001.msA:24.357,urn:cite:hmt:msA.318r
urn:cts:greekLit:tlg0012.tlg001.msA:24.358,urn:cite:hmt:msA.318r
urn:cts:greekLit:tlg0012.tlg001.msA:24.359,urn:cite:hmt:msA.318r
urn:cts:greekLit:tlg0012.tlg001.msA:24.360,urn:cite:hmt:msA.318r
urn:cts:greekLit:tlg0012.tlg001.msA:24.361,urn:cite:hmt:msA.318r
urn:cts:greekLit:tlg0012.tlg001.msA:24.362,urn:cite:hmt:msA.318r
urn:cts:greekLit:tlg0012.tlg001.msA:24.363,urn:cite:hmt:msA.318r
urn:cts:greekLit:tlg0012.tlg001.msA:24.364,urn:cite:hmt:msA.318r
urn:cts:greekLit:tlg0012.tlg001.msA:24.365,urn:cite:hmt:msA.318r
urn:cts:greekLit:tlg0012.tlg001.msA:24.366,urn:cite:hmt:msA.318r
urn:cts:greekLit:tlg0012.tlg001.msA:24.367,urn:cite:hmt:msA.318r
urn:cts:greekLit:tlg0012.tlg001.msA:24.368,urn:cite:hmt:msA.318r
urn:cts:greekLit:tlg0012.tlg001.msA:24.369,urn:cite:hmt:msA.318r
urn:cts:greekLit:tlg0012.tlg001.msA:24.370,urn:cite:hmt:msA.318r
urn:cts:greekLit:tlg0012.tlg001.msA:24.371,urn:cite:hmt:msA.318r
urn:cts:greekLit:tlg0012.tlg001.msA:24.372,urn:cite:hmt:msA.318r
urn:cts:greekLit:tlg0012.tlg001.msA:24.373,urn:cite:hmt:msA.318r
urn:cts:greekLit:tlg0012.tlg001.msA:24.374,urn:cite:hmt:msA.318r
urn:cts:greekLit:tlg0012.tlg001.msA:24.375,urn:cite:hmt:msA.318r
urn:cts:greekLit:tlg0012.tlg001.msA:24.376,urn:cite:hmt:msA.318r
urn:cts:greekLit:tlg0012.tlg001.msA:24.377,urn:cite:hmt:msA.318r
urn:cts:greekLit:tlg0012.tlg001.msA:24.378,urn:cite:hmt:msA.318r
urn:cts:greekLit:tlg0012.tlg001.msA:24.379,urn:cite:hmt:msA.318r
urn:cts:greekLit:tlg0012.tlg001.msA:24.380,urn:cite:hmt:msA.318v
urn:cts:greekLit:tlg0012.tlg001.msA:24.381,urn:cite:hmt:msA.318v
urn:cts:greekLit:tlg0012.tlg001.msA:24.382,urn:cite:hmt:msA.318v
urn:cts:greekLit:tlg0012.tlg001.msA:24.383,urn:cite:hmt:msA.318v
urn:cts:greekLit:tlg0012.tlg001.msA:24.384,urn:cite:hmt:msA.318v
urn:cts:greekLit:tlg0012.tlg001.msA:24.385,urn:cite:hmt:msA.318v
urn:cts:greekLit:tlg0012.tlg001.msA:24.386,urn:cite:hmt:msA.318v
urn:cts:greekLit:tlg0012.tlg001.msA:24.387,urn:cite:hmt:msA.318v
urn:cts:greekLit:tlg0012.tlg001.msA:24.388,urn:cite:hmt:msA.318v
urn:cts:greekLit:tlg0012.tlg001.msA:24.389,urn:cite:hmt:msA.318v
urn:cts:greekLit:tlg0012.tlg001.msA:24.390,urn:cite:hmt:msA.318v
urn:cts:greekLit:tlg0012.tlg001.msA:24.391,urn:cite:hmt:msA.318v
urn:cts:greekLit:tlg0012.tlg001.msA:24.392,urn:cite:hmt:msA.318v
urn:cts:greekLit:tlg0012.tlg001.msA:24.393,urn:cite:hmt:msA.318v
urn:cts:greekLit:tlg0012.tlg001.msA:24.394,urn:cite:hmt:msA.318v
urn:cts:greekLit:tlg0012.tlg001.msA:24.395,urn:cite:hmt:msA.318v
urn:cts:greekLit:tlg0012.tlg001.msA:24.396,urn:cite:hmt:msA.318v
urn:cts:greekLit:tlg0012.tlg001.msA:24.397,urn:cite:hmt:msA.318v
urn:cts:greekLit:tlg0012.tlg001.msA:24.398,urn:cite:hmt:msA.318v
urn:cts:greekLit:tlg0012.tlg001.msA:24.399,urn:cite:hmt:msA.318v
urn:cts:greekLit:tlg0012.tlg001.msA:24.400,urn:cite:hmt:msA.318v
urn:cts:greekLit:tlg0012.tlg001.msA:24.401,urn:cite:hmt:msA.318v
urn:cts:greekLit:tlg0012.tlg001.msA:24.402,urn:cite:hmt:msA.318v
urn:cts:greekLit:tlg0012.tlg001.msA:24.403,urn:cite:hmt:msA.318v
urn:cts:greekLit:tlg0012.tlg001.msA:24.404,urn:cite:hmt:msA.318v
urn:cts:greekLit:tlg0012.tlg001.msA:24.405,urn:cite:hmt:msA.319r
urn:cts:greekLit:tlg0012.tlg001.msA:24.406,urn:cite:hmt:msA.319r
urn:cts:greekLit:tlg0012.tlg001.msA:24.407,urn:cite:hmt:msA.319r
urn:cts:greekLit:tlg0012.tlg001.msA:24.408,urn:cite:hmt:msA.319r
urn:cts:greekLit:tlg0012.tlg001.msA:24.409,urn:cite:hmt:msA.319r
urn:cts:greekLit:tlg0012.tlg001.msA:24.410,urn:cite:hmt:msA.319r
urn:cts:greekLit:tlg0012.tlg001.msA:24.411,urn:cite:hmt:msA.319r
urn:cts:greekLit:tlg0012.tlg001.msA:24.412,urn:cite:hmt:msA.319r
urn:cts:greekLit:tlg0012.tlg001.msA:24.413,urn:cite:hmt:msA.319r
urn:cts:greekLit:tlg0012.tlg001.msA:24.414,urn:cite:hmt:msA.319r
urn:cts:greekLit:tlg0012.tlg001.msA:24.415,urn:cite:hmt:msA.319r
urn:cts:greekLit:tlg0012.tlg001.msA:24.416,urn:cite:hmt:msA.319r
urn:cts:greekLit:tlg0012.tlg001.msA:24.417,urn:cite:hmt:msA.319r
urn:cts:greekLit:tlg0012.tlg001.msA:24.418,urn:cite:hmt:msA.319r
urn:cts:greekLit:tlg0012.tlg001.msA:24.419,urn:cite:hmt:msA.319r
urn:cts:greekLit:tlg0012.tlg001.msA:24.420,urn:cite:hmt:msA.319r
urn:cts:greekLit:tlg0012.tlg001.msA:24.421,urn:cite:hmt:msA.319r
urn:cts:greekLit:tlg0012.tlg001.msA:24.422,urn:cite:hmt:msA.319r
urn:cts:greekLit:tlg0012.tlg001.msA:24.423,urn:cite:hmt:msA.319r
urn:cts:greekLit:tlg0012.tlg001.msA:24.424,urn:cite:hmt:msA.319r
urn:cts:greekLit:tlg0012.tlg001.msA:24.425,urn:cite:hmt:msA.319r
urn:cts:greekLit:tlg0012.tlg001.msA:24.426,urn:cite:hmt:msA.319r
urn:cts:greekLit:tlg0012.tlg001.msA:24.427,urn:cite:hmt:msA.319r
urn:cts:greekLit:tlg0012.tlg001.msA:24.428,urn:cite:hmt:msA.319r
urn:cts:greekLit:tlg0012.tlg001.msA:24.429,urn:cite:hmt:msA.319r
urn:cts:greekLit:tlg0012.tlg001.msA:24.430,urn:cite:hmt:msA.319v
urn:cts:greekLit:tlg0012.tlg001.msA:24.431,urn:cite:hmt:msA.319v
urn:cts:greekLit:tlg0012.tlg001.msA:24.432,urn:cite:hmt:msA.319v
urn:cts:greekLit:tlg0012.tlg001.msA:24.433,urn:cite:hmt:msA.319v
urn:cts:greekLit:tlg0012.tlg001.msA:24.434,urn:cite:hmt:msA.319v
urn:cts:greekLit:tlg0012.tlg001.msA:24.435,urn:cite:hmt:msA.319v
urn:cts:greekLit:tlg0012.tlg001.msA:24.436,urn:cite:hmt:msA.319v
urn:cts:greekLit:tlg0012.tlg001.msA:24.437,urn:cite:hmt:msA.319v
urn:cts:greekLit:tlg0012.tlg001.msA:24.438,urn:cite:hmt:msA.319v
urn:cts:greekLit:tlg0012.tlg001.msA:24.439,urn:cite:hmt:msA.319v
urn:cts:greekLit:tlg0012.tlg001.msA:24.440,urn:cite:hmt:msA.319v
urn:cts:greekLit:tlg0012.tlg001.msA:24.441,urn:cite:hmt:msA.319v
urn:cts:greekLit:tlg0012.tlg001.msA:24.442,urn:cite:hmt:msA.319v
urn:cts:greekLit:tlg0012.tlg001.msA:24.443,urn:cite:hmt:msA.319v
urn:cts:greekLit:tlg0012.tlg001.msA:24.444,urn:cite:hmt:msA.319v
urn:cts:greekLit:tlg0012.tlg001.msA:24.445,urn:cite:hmt:msA.319v
urn:cts:greekLit:tlg0012.tlg001.msA:24.446,urn:cite:hmt:msA.319v
urn:cts:greekLit:tlg0012.tlg001.msA:24.447,urn:cite:hmt:msA.319v
urn:cts:greekLit:tlg0012.tlg001.msA:24.448,urn:cite:hmt:msA.319v
urn:cts:greekLit:tlg0012.tlg001.msA:24.449,urn:cite:hmt:msA.319v
urn:cts:greekLit:tlg0012.tlg001.msA:24.450,urn:cite:hmt:msA.319v
urn:cts:greekLit:tlg0012.tlg001.msA:24.451,urn:cite:hmt:msA.319v
urn:cts:greekLit:tlg0012.tlg001.msA:24.452,urn:cite:hmt:msA.319v
urn:cts:greekLit:tlg0012.tlg001.msA:24.453,urn:cite:hmt:msA.319v
urn:cts:greekLit:tlg0012.tlg001.msA:24.454,urn:cite:hmt:msA.319v
urn:cts:greekLit:tlg0012.tlg001.msA:24.455,urn:cite:hmt:msA.320r
urn:cts:greekLit:tlg0012.tlg001.msA:24.456,urn:cite:hmt:msA.320r
urn:cts:greekLit:tlg0012.tlg001.msA:24.457,urn:cite:hmt:msA.320r
urn:cts:greekLit:tlg0012.tlg001.msA:24.458,urn:cite:hmt:msA.320r
urn:cts:greekLit:tlg0012.tlg001.msA:24.459,urn:cite:hmt:msA.320r
urn:cts:greekLit:tlg0012.tlg001.msA:24.460,urn:cite:hmt:msA.320r
urn:cts:greekLit:tlg0012.tlg001.msA:24.461,urn:cite:hmt:msA.320r
urn:cts:greekLit:tlg0012.tlg001.msA:24.462,urn:cite:hmt:msA.320r
urn:cts:greekLit:tlg0012.tlg001.msA:24.463,urn:cite:hmt:msA.320r
urn:cts:greekLit:tlg0012.tlg001.msA:24.464,urn:cite:hmt:msA.320r
urn:cts:greekLit:tlg0012.tlg001.msA:24.465,urn:cite:hmt:msA.320r
urn:cts:greekLit:tlg0012.tlg001.msA:24.466,urn:cite:hmt:msA.320r
urn:cts:greekLit:tlg0012.tlg001.msA:24.467,urn:cite:hmt:msA.320r
urn:cts:greekLit:tlg0012.tlg001.msA:24.468,urn:cite:hmt:msA.320r
urn:cts:greekLit:tlg0012.tlg001.msA:24.469,urn:cite:hmt:msA.320r
urn:cts:greekLit:tlg0012.tlg001.msA:24.470,urn:cite:hmt:msA.320r
urn:cts:greekLit:tlg0012.tlg001.msA:24.471,urn:cite:hmt:msA.320r
urn:cts:greekLit:tlg0012.tlg001.msA:24.472,urn:cite:hmt:msA.320r
urn:cts:greekLit:tlg0012.tlg001.msA:24.473,urn:cite:hmt:msA.320r
urn:cts:greekLit:tlg0012.tlg001.msA:24.474,urn:cite:hmt:msA.320r
urn:cts:greekLit:tlg0012.tlg001.msA:24.475,urn:cite:hmt:msA.320r
urn:cts:greekLit:tlg0012.tlg001.msA:24.476,urn:cite:hmt:msA.320r
urn:cts:greekLit:tlg0012.tlg001.msA:24.477,urn:cite:hmt:msA.320r
urn:cts:greekLit:tlg0012.tlg001.msA:24.478,urn:cite:hmt:msA.320r
urn:cts:greekLit:tlg0012.tlg001.msA:24.479,urn:cite:hmt:msA.320r
urn:cts:greekLit:tlg0012.tlg001.msA:24.480,urn:cite:hmt:msA.320v
urn:cts:greekLit:tlg0012.tlg001.msA:24.481,urn:cite:hmt:msA.320v
urn:cts:greekLit:tlg0012.tlg001.msA:24.482,urn:cite:hmt:msA.320v
urn:cts:greekLit:tlg0012.tlg001.msA:24.483,urn:cite:hmt:msA.320v
urn:cts:greekLit:tlg0012.tlg001.msA:24.484,urn:cite:hmt:msA.320v
urn:cts:greekLit:tlg0012.tlg001.msA:24.485,urn:cite:hmt:msA.320v
urn:cts:greekLit:tlg0012.tlg001.msA:24.486,urn:cite:hmt:msA.320v
urn:cts:greekLit:tlg0012.tlg001.msA:24.487,urn:cite:hmt:msA.320v
urn:cts:greekLit:tlg0012.tlg001.msA:24.488,urn:cite:hmt:msA.320v
urn:cts:greekLit:tlg0012.tlg001.msA:24.489,urn:cite:hmt:msA.320v
urn:cts:greekLit:tlg0012.tlg001.msA:24.490,urn:cite:hmt:msA.320v
urn:cts:greekLit:tlg0012.tlg001.msA:24.491,urn:cite:hmt:msA.320v
urn:cts:greekLit:tlg0012.tlg001.msA:24.492,urn:cite:hmt:msA.320v
urn:cts:greekLit:tlg0012.tlg001.msA:24.493,urn:cite:hmt:msA.320v
urn:cts:greekLit:tlg0012.tlg001.msA:24.494,urn:cite:hmt:msA.320v
urn:cts:greekLit:tlg0012.tlg001.msA:24.495,urn:cite:hmt:msA.320v
urn:cts:greekLit:tlg0012.tlg001.msA:24.496,urn:cite:hmt:msA.320v
urn:cts:greekLit:tlg0012.tlg001.msA:24.497,urn:cite:hmt:msA.320v
urn:cts:greekLit:tlg0012.tlg001.msA:24.498,urn:cite:hmt:msA.320v
urn:cts:greekLit:tlg0012.tlg001.msA:24.499,urn:cite:hmt:msA.320v
urn:cts:greekLit:tlg0012.tlg001.msA:24.500,urn:cite:hmt:msA.320v
urn:cts:greekLit:tlg0012.tlg001.msA:24.501,urn:cite:hmt:msA.320v
urn:cts:greekLit:tlg0012.tlg001.msA:24.502,urn:cite:hmt:msA.320v
urn:cts:greekLit:tlg0012.tlg001.msA:24.503,urn:cite:hmt:msA.320v
urn:cts:greekLit:tlg0012.tlg001.msA:24.504,urn:cite:hmt:msA.320v
urn:cts:greekLit:tlg0012.tlg001.msA:24.505,urn:cite:hmt:msA.321r
urn:cts:greekLit:tlg0012.tlg001.msA:24.506,urn:cite:hmt:msA.321r
urn:cts:greekLit:tlg0012.tlg001.msA:24.507,urn:cite:hmt:msA.321r
urn:cts:greekLit:tlg0012.tlg001.msA:24.508,urn:cite:hmt:msA.321r
urn:cts:greekLit:tlg0012.tlg001.msA:24.509,urn:cite:hmt:msA.321r
urn:cts:greekLit:tlg0012.tlg001.msA:24.510,urn:cite:hmt:msA.321r
urn:cts:greekLit:tlg0012.tlg001.msA:24.511,urn:cite:hmt:msA.321r
urn:cts:greekLit:tlg0012.tlg001.msA:24.512,urn:cite:hmt:msA.321r
urn:cts:greekLit:tlg0012.tlg001.msA:24.513,urn:cite:hmt:msA.321r
urn:cts:greekLit:tlg0012.tlg001.msA:24.514,urn:cite:hmt:msA.321r
urn:cts:greekLit:tlg0012.tlg001.msA:24.515,urn:cite:hmt:msA.321r
urn:cts:greekLit:tlg0012.tlg001.msA:24.516,urn:cite:hmt:msA.321r
urn:cts:greekLit:tlg0012.tlg001.msA:24.517,urn:cite:hmt:msA.321r
urn:cts:greekLit:tlg0012.tlg001.msA:24.518,urn:cite:hmt:msA.321r
urn:cts:greekLit:tlg0012.tlg001.msA:24.519,urn:cite:hmt:msA.321r
urn:cts:greekLit:tlg0012.tlg001.msA:24.520,urn:cite:hmt:msA.321r
urn:cts:greekLit:tlg0012.tlg001.msA:24.521,urn:cite:hmt:msA.321r
urn:cts:greekLit:tlg0012.tlg001.msA:24.522,urn:cite:hmt:msA.321r
urn:cts:greekLit:tlg0012.tlg001.msA:24.523,urn:cite:hmt:msA.321r
urn:cts:greekLit:tlg0012.tlg001.msA:24.524,urn:cite:hmt:msA.321r
urn:cts:greekLit:tlg0012.tlg001.msA:24.525,urn:cite:hmt:msA.321r
urn:cts:greekLit:tlg0012.tlg001.msA:24.526,urn:cite:hmt:msA.321r
urn:cts:greekLit:tlg0012.tlg001.msA:24.527,urn:cite:hmt:msA.321r
urn:cts:greekLit:tlg0012.tlg001.msA:24.528,urn:cite:hmt:msA.321r
urn:cts:greekLit:tlg0012.tlg001.msA:24.529,urn:cite:hmt:msA.321r
urn:cts:greekLit:tlg0012.tlg001.msA:24.530,urn:cite:hmt:msA.321v
urn:cts:greekLit:tlg0012.tlg001.msA:24.531,urn:cite:hmt:msA.321v
urn:cts:greekLit:tlg0012.tlg001.msA:24.532,urn:cite:hmt:msA.321v
urn:cts:greekLit:tlg0012.tlg001.msA:24.533,urn:cite:hmt:msA.321v
urn:cts:greekLit:tlg0012.tlg001.msA:24.534,urn:cite:hmt:msA.321v
urn:cts:greekLit:tlg0012.tlg001.msA:24.535,urn:cite:hmt:msA.321v
urn:cts:greekLit:tlg0012.tlg001.msA:24.536,urn:cite:hmt:msA.321v
urn:cts:greekLit:tlg0012.tlg001.msA:24.537,urn:cite:hmt:msA.321v
urn:cts:greekLit:tlg0012.tlg001.msA:24.538,urn:cite:hmt:msA.321v
urn:cts:greekLit:tlg0012.tlg001.msA:24.539,urn:cite:hmt:msA.321v
urn:cts:greekLit:tlg0012.tlg001.msA:24.540,urn:cite:hmt:msA.321v
urn:cts:greekLit:tlg0012.tlg001.msA:24.541,urn:cite:hmt:msA.321v
urn:cts:greekLit:tlg0012.tlg001.msA:24.542,urn:cite:hmt:msA.321v
urn:cts:greekLit:tlg0012.tlg001.msA:24.543,urn:cite:hmt:msA.321v
urn:cts:greekLit:tlg0012.tlg001.msA:24.544,urn:cite:hmt:msA.321v
urn:cts:greekLit:tlg0012.tlg001.msA:24.545,urn:cite:hmt:msA.321v
urn:cts:greekLit:tlg0012.tlg001.msA:24.546,urn:cite:hmt:msA.321v
urn:cts:greekLit:tlg0012.tlg001.msA:24.547,urn:cite:hmt:msA.321v
urn:cts:greekLit:tlg0012.tlg001.msA:24.548,urn:cite:hmt:msA.321v
urn:cts:greekLit:tlg0012.tlg001.msA:24.549,urn:cite:hmt:msA.321v
urn:cts:greekLit:tlg0012.tlg001.msA:24.550,urn:cite:hmt:msA.321v
urn:cts:greekLit:tlg0012.tlg001.msA:24.551,urn:cite:hmt:msA.321v
urn:cts:greekLit:tlg0012.tlg001.msA:24.552,urn:cite:hmt:msA.321v
urn:cts:greekLit:tlg0012.tlg001.msA:24.553,urn:cite:hmt:msA.321v
urn:cts:greekLit:tlg0012.tlg001.msA:24.554,urn:cite:hmt:msA.321v
urn:cts:greekLit:tlg0012.tlg001.msA:24.555,urn:cite:hmt:msA.322r
urn:cts:greekLit:tlg0012.tlg001.msA:24.556,urn:cite:hmt:msA.322r
urn:cts:greekLit:tlg0012.tlg001.msA:24.557,urn:cite:hmt:msA.322r
urn:cts:greekLit:tlg0012.tlg001.msA:24.558,urn:cite:hmt:msA.322r
urn:cts:greekLit:tlg0012.tlg001.msA:24.559,urn:cite:hmt:msA.322r
urn:cts:greekLit:tlg0012.tlg001.msA:24.560,urn:cite:hmt:msA.322r
urn:cts:greekLit:tlg0012.tlg001.msA:24.561,urn:cite:hmt:msA.322r
urn:cts:greekLit:tlg0012.tlg001.msA:24.562,urn:cite:hmt:msA.322r
urn:cts:greekLit:tlg0012.tlg001.msA:24.563,urn:cite:hmt:msA.322r
urn:cts:greekLit:tlg0012.tlg001.msA:24.564,urn:cite:hmt:msA.322r
urn:cts:greekLit:tlg0012.tlg001.msA:24.565,urn:cite:hmt:msA.322r
urn:cts:greekLit:tlg0012.tlg001.msA:24.566,urn:cite:hmt:msA.322r
urn:cts:greekLit:tlg0012.tlg001.msA:24.567,urn:cite:hmt:msA.322r
urn:cts:greekLit:tlg0012.tlg001.msA:24.568,urn:cite:hmt:msA.322r
urn:cts:greekLit:tlg0012.tlg001.msA:24.569,urn:cite:hmt:msA.322r
urn:cts:greekLit:tlg0012.tlg001.msA:24.570,urn:cite:hmt:msA.322r
urn:cts:greekLit:tlg0012.tlg001.msA:24.571,urn:cite:hmt:msA.322r
urn:cts:greekLit:tlg0012.tlg001.msA:24.572,urn:cite:hmt:msA.322r
urn:cts:greekLit:tlg0012.tlg001.msA:24.573,urn:cite:hmt:msA.322r
urn:cts:greekLit:tlg0012.tlg001.msA:24.574,urn:cite:hmt:msA.322r
urn:cts:greekLit:tlg0012.tlg001.msA:24.575,urn:cite:hmt:msA.322r
urn:cts:greekLit:tlg0012.tlg001.msA:24.576,urn:cite:hmt:msA.322r
urn:cts:greekLit:tlg0012.tlg001.msA:24.577,urn:cite:hmt:msA.322r
urn:cts:greekLit:tlg0012.tlg001.msA:24.578,urn:cite:hmt:msA.322r
urn:cts:greekLit:tlg0012.tlg001.msA:24.579,urn:cite:hmt:msA.322r
urn:cts:greekLit:tlg0012.tlg001.msA:24.580,urn:cite:hmt:msA.322v
urn:cts:greekLit:tlg0012.tlg001.msA:24.581,urn:cite:hmt:msA.322v
urn:cts:greekLit:tlg0012.tlg001.msA:24.582,urn:cite:hmt:msA.322v
urn:cts:greekLit:tlg0012.tlg001.msA:24.583,urn:cite:hmt:msA.322v
urn:cts:greekLit:tlg0012.tlg001.msA:24.584,urn:cite:hmt:msA.322v
urn:cts:greekLit:tlg0012.tlg001.msA:24.585,urn:cite:hmt:msA.322v
urn:cts:greekLit:tlg0012.tlg001.msA:24.586,urn:cite:hmt:msA.322v
urn:cts:greekLit:tlg0012.tlg001.msA:24.587,urn:cite:hmt:msA.322v
urn:cts:greekLit:tlg0012.tlg001.msA:24.588,urn:cite:hmt:msA.322v
urn:cts:greekLit:tlg0012.tlg001.msA:24.589,urn:cite:hmt:msA.322v
urn:cts:greekLit:tlg0012.tlg001.msA:24.590,urn:cite:hmt:msA.322v
urn:cts:greekLit:tlg0012.tlg001.msA:24.591,urn:cite:hmt:msA.322v
urn:cts:greekLit:tlg0012.tlg001.msA:24.592,urn:cite:hmt:msA.322v
urn:cts:greekLit:tlg0012.tlg001.msA:24.593,urn:cite:hmt:msA.322v
urn:cts:greekLit:tlg0012.tlg001.msA:24.594,urn:cite:hmt:msA.322v
urn:cts:greekLit:tlg0012.tlg001.msA:24.595,urn:cite:hmt:msA.322v
urn:cts:greekLit:tlg0012.tlg001.msA:24.596,urn:cite:hmt:msA.322v
urn:cts:greekLit:tlg0012.tlg001.msA:24.597,urn:cite:hmt:msA.322v
urn:cts:greekLit:tlg0012.tlg001.msA:24.598,urn:cite:hmt:msA.322v
urn:cts:greekLit:tlg0012.tlg001.msA:24.599,urn:cite:hmt:msA.322v
urn:cts:greekLit:tlg0012.tlg001.msA:24.600,urn:cite:hmt:msA.322v
urn:cts:greekLit:tlg0012.tlg001.msA:24.601,urn:cite:hmt:msA.322v
urn:cts:greekLit:tlg0012.tlg001.msA:24.602,urn:cite:hmt:msA.322v
urn:cts:greekLit:tlg0012.tlg001.msA:24.603,urn:cite:hmt:msA.322v
urn:cts:greekLit:tlg0012.tlg001.msA:24.604,urn:cite:hmt:msA.322v
urn:cts:greekLit:tlg0012.tlg001.msA:24.605,urn:cite:hmt:msA.323r
urn:cts:greekLit:tlg0012.tlg001.msA:24.606,urn:cite:hmt:msA.323r
urn:cts:greekLit:tlg0012.tlg001.msA:24.607,urn:cite:hmt:msA.323r
urn:cts:greekLit:tlg0012.tlg001.msA:24.608,urn:cite:hmt:msA.323r
urn:cts:greekLit:tlg0012.tlg001.msA:24.609,urn:cite:hmt:msA.323r
urn:cts:greekLit:tlg0012.tlg001.msA:24.610,urn:cite:hmt:msA.323r
urn:cts:greekLit:tlg0012.tlg001.msA:24.611,urn:cite:hmt:msA.323r
urn:cts:greekLit:tlg0012.tlg001.msA:24.612,urn:cite:hmt:msA.323r
urn:cts:greekLit:tlg0012.tlg001.msA:24.613,urn:cite:hmt:msA.323r
urn:cts:greekLit:tlg0012.tlg001.msA:24.614,urn:cite:hmt:msA.323r
urn:cts:greekLit:tlg0012.tlg001.msA:24.615,urn:cite:hmt:msA.323r
urn:cts:greekLit:tlg0012.tlg001.msA:24.616,urn:cite:hmt:msA.323r
urn:cts:greekLit:tlg0012.tlg001.msA:24.617,urn:cite:hmt:msA.323r
urn:cts:greekLit:tlg0012.tlg001.msA:24.618,urn:cite:hmt:msA.323r
urn:cts:greekLit:tlg0012.tlg001.msA:24.619,urn:cite:hmt:msA.323r
urn:cts:greekLit:tlg0012.tlg001.msA:24.620,urn:cite:hmt:msA.323r
urn:cts:greekLit:tlg0012.tlg001.msA:24.621,urn:cite:hmt:msA.323r
urn:cts:greekLit:tlg0012.tlg001.msA:24.622,urn:cite:hmt:msA.323r
urn:cts:greekLit:tlg0012.tlg001.msA:24.623,urn:cite:hmt:msA.323r
urn:cts:greekLit:tlg0012.tlg001.msA:24.624,urn:cite:hmt:msA.323r
urn:cts:greekLit:tlg0012.tlg001.msA:24.625,urn:cite:hmt:msA.323r
urn:cts:greekLit:tlg0012.tlg001.msA:24.626,urn:cite:hmt:msA.323r
urn:cts:greekLit:tlg0012.tlg001.msA:24.627,urn:cite:hmt:msA.323r
urn:cts:greekLit:tlg0012.tlg001.msA:24.628,urn:cite:hmt:msA.323r
urn:cts:greekLit:tlg0012.tlg001.msA:24.629,urn:cite:hmt:msA.323r
urn:cts:greekLit:tlg0012.tlg001.msA:24.630,urn:cite:hmt:msA.323v
urn:cts:greekLit:tlg0012.tlg001.msA:24.631,urn:cite:hmt:msA.323v
urn:cts:greekLit:tlg0012.tlg001.msA:24.632,urn:cite:hmt:msA.323v
urn:cts:greekLit:tlg0012.tlg001.msA:24.633,urn:cite:hmt:msA.323v
urn:cts:greekLit:tlg0012.tlg001.msA:24.634,urn:cite:hmt:msA.323v
urn:cts:greekLit:tlg0012.tlg001.msA:24.635,urn:cite:hmt:msA.323v
urn:cts:greekLit:tlg0012.tlg001.msA:24.636,urn:cite:hmt:msA.323v
urn:cts:greekLit:tlg0012.tlg001.msA:24.637,urn:cite:hmt:msA.323v
urn:cts:greekLit:tlg0012.tlg001.msA:24.638,urn:cite:hmt:msA.323v
urn:cts:greekLit:tlg0012.tlg001.msA:24.639,urn:cite:hmt:msA.323v
urn:cts:greekLit:tlg0012.tlg001.msA:24.640,urn:cite:hmt:msA.323v
urn:cts:greekLit:tlg0012.tlg001.msA:24.641,urn:cite:hmt:msA.323v
urn:cts:greekLit:tlg0012.tlg001.msA:24.642,urn:cite:hmt:msA.323v
urn:cts:greekLit:tlg0012.tlg001.msA:24.643,urn:cite:hmt:msA.323v
urn:cts:greekLit:tlg0012.tlg001.msA:24.644,urn:cite:hmt:msA.323v
urn:cts:greekLit:tlg0012.tlg001.msA:24.645,urn:cite:hmt:msA.323v
urn:cts:greekLit:tlg0012.tlg001.msA:24.646,urn:cite:hmt:msA.323v
urn:cts:greekLit:tlg0012.tlg001.msA:24.647,urn:cite:hmt:msA.323v
urn:cts:greekLit:tlg0012.tlg001.msA:24.648,urn:cite:hmt:msA.323v
urn:cts:greekLit:tlg0012.tlg001.msA:24.649,urn:cite:hmt:msA.323v
urn:cts:greekLit:tlg0012.tlg001.msA:24.650,urn:cite:hmt:msA.323v
urn:cts:greekLit:tlg0012.tlg001.msA:24.651,urn:cite:hmt:msA.323v
urn:cts:greekLit:tlg0012.tlg001.msA:24.652,urn:cite:hmt:msA.323v
urn:cts:greekLit:tlg0012.tlg001.msA:24.653,urn:cite:hmt:msA.323v
urn:cts:greekLit:tlg0012.tlg001.msA:24.654,urn:cite:hmt:msA.323v
urn:cts:greekLit:tlg0012.tlg001.msA:24.655,urn:cite:hmt:msA.324r
urn:cts:greekLit:tlg0012.tlg001.msA:24.656,urn:cite:hmt:msA.324r
urn:cts:greekLit:tlg0012.tlg001.msA:24.657,urn:cite:hmt:msA.324r
urn:cts:greekLit:tlg0012.tlg001.msA:24.658,urn:cite:hmt:msA.324r
urn:cts:greekLit:tlg0012.tlg001.msA:24.659,urn:cite:hmt:msA.324r
urn:cts:greekLit:tlg0012.tlg001.msA:24.660,urn:cite:hmt:msA.324r
urn:cts:greekLit:tlg0012.tlg001.msA:24.661,urn:cite:hmt:msA.324r
urn:cts:greekLit:tlg0012.tlg001.msA:24.662,urn:cite:hmt:msA.324r
urn:cts:greekLit:tlg0012.tlg001.msA:24.663,urn:cite:hmt:msA.324r
urn:cts:greekLit:tlg0012.tlg001.msA:24.664,urn:cite:hmt:msA.324r
urn:cts:greekLit:tlg0012.tlg001.msA:24.665,urn:cite:hmt:msA.324r
urn:cts:greekLit:tlg0012.tlg001.msA:24.666,urn:cite:hmt:msA.324r
urn:cts:greekLit:tlg0012.tlg001.msA:24.667,urn:cite:hmt:msA.324r
urn:cts:greekLit:tlg0012.tlg001.msA:24.668,urn:cite:hmt:msA.324r
urn:cts:greekLit:tlg0012.tlg001.msA:24.669,urn:cite:hmt:msA.324r
urn:cts:greekLit:tlg0012.tlg001.msA:24.670,urn:cite:hmt:msA.324r
urn:cts:greekLit:tlg0012.tlg001.msA:24.671,urn:cite:hmt:msA.324r
urn:cts:greekLit:tlg0012.tlg001.msA:24.672,urn:cite:hmt:msA.324r
urn:cts:greekLit:tlg0012.tlg001.msA:24.673,urn:cite:hmt:msA.324r
urn:cts:greekLit:tlg0012.tlg001.msA:24.674,urn:cite:hmt:msA.324r
urn:cts:greekLit:tlg0012.tlg001.msA:24.675,urn:cite:hmt:msA.324r
urn:cts:greekLit:tlg0012.tlg001.msA:24.676,urn:cite:hmt:msA.324r
urn:cts:greekLit:tlg0012.tlg001.msA:24.677,urn:cite:hmt:msA.324r
urn:cts:greekLit:tlg0012.tlg001.msA:24.678,urn:cite:hmt:msA.324r
urn:cts:greekLit:tlg0012.tlg001.msA:24.679,urn:cite:hmt:msA.324r
urn:cts:greekLit:tlg0012.tlg001.msA:24.680,urn:cite:hmt:msA.324v
urn:cts:greekLit:tlg0012.tlg001.msA:24.681,urn:cite:hmt:msA.324v
urn:cts:greekLit:tlg0012.tlg001.msA:24.682,urn:cite:hmt:msA.324v
urn:cts:greekLit:tlg0012.tlg001.msA:24.683,urn:cite:hmt:msA.324v
urn:cts:greekLit:tlg0012.tlg001.msA:24.684,urn:cite:hmt:msA.324v
urn:cts:greekLit:tlg0012.tlg001.msA:24.685,urn:cite:hmt:msA.324v
urn:cts:greekLit:tlg0012.tlg001.msA:24.686,urn:cite:hmt:msA.324v
urn:cts:greekLit:tlg0012.tlg001.msA:24.687,urn:cite:hmt:msA.324v
urn:cts:greekLit:tlg0012.tlg001.msA:24.688,urn:cite:hmt:msA.324v
urn:cts:greekLit:tlg0012.tlg001.msA:24.689,urn:cite:hmt:msA.324v
urn:cts:greekLit:tlg0012.tlg001.msA:24.690,urn:cite:hmt:msA.324v
urn:cts:greekLit:tlg0012.tlg001.msA:24.691,urn:cite:hmt:msA.324v
urn:cts:greekLit:tlg0012.tlg001.msA:24.692,urn:cite:hmt:msA.324v
urn:cts:greekLit:tlg0012.tlg001.msA:24.693,urn:cite:hmt:msA.324v
urn:cts:greekLit:tlg0012.tlg001.msA:24.694,urn:cite:hmt:msA.324v
urn:cts:greekLit:tlg0012.tlg001.msA:24.695,urn:cite:hmt:msA.324v
urn:cts:greekLit:tlg0012.tlg001.msA:24.696,urn:cite:hmt:msA.324v
urn:cts:greekLit:tlg0012.tlg001.msA:24.697,urn:cite:hmt:msA.324v
urn:cts:greekLit:tlg0012.tlg001.msA:24.698,urn:cite:hmt:msA.324v
urn:cts:greekLit:tlg0012.tlg001.msA:24.699,urn:cite:hmt:msA.324v
urn:cts:greekLit:tlg0012.tlg001.msA:24.700,urn:cite:hmt:msA.324v
urn:cts:greekLit:tlg0012.tlg001.msA:24.701,urn:cite:hmt:msA.324v
urn:cts:greekLit:tlg0012.tlg001.msA:24.702,urn:cite:hmt:msA.324v
urn:cts:greekLit:tlg0012.tlg001.msA:24.703,urn:cite:hmt:msA.324v
urn:cts:greekLit:tlg0012.tlg001.msA:24.704,urn:cite:hmt:msA.324v
urn:cts:greekLit:tlg0012.tlg001.msA:24.705,urn:cite:hmt:msA.324v
urn:cts:greekLit:tlg0012.tlg001.msA:24.706,urn:cite:hmt:msA.325r
urn:cts:greekLit:tlg0012.tlg001.msA:24.707,urn:cite:hmt:msA.325r
urn:cts:greekLit:tlg0012.tlg001.msA:24.708,urn:cite:hmt:msA.325r
urn:cts:greekLit:tlg0012.tlg001.msA:24.709,urn:cite:hmt:msA.325r
urn:cts:greekLit:tlg0012.tlg001.msA:24.710,urn:cite:hmt:msA.325r
urn:cts:greekLit:tlg0012.tlg001.msA:24.711,urn:cite:hmt:msA.325r
urn:cts:greekLit:tlg0012.tlg001.msA:24.712,urn:cite:hmt:msA.325r
urn:cts:greekLit:tlg0012.tlg001.msA:24.713,urn:cite:hmt:msA.325r
urn:cts:greekLit:tlg0012.tlg001.msA:24.714,urn:cite:hmt:msA.325r
urn:cts:greekLit:tlg0012.tlg001.msA:24.715,urn:cite:hmt:msA.325r
urn:cts:greekLit:tlg0012.tlg001.msA:24.716,urn:cite:hmt:msA.325r
urn:cts:greekLit:tlg0012.tlg001.msA:24.717,urn:cite:hmt:msA.325r
urn:cts:greekLit:tlg0012.tlg001.msA:24.718,urn:cite:hmt:msA.325r
urn:cts:greekLit:tlg0012.tlg001.msA:24.719,urn:cite:hmt:msA.325r
urn:cts:greekLit:tlg0012.tlg001.msA:24.720,urn:cite:hmt:msA.325r
urn:cts:greekLit:tlg0012.tlg001.msA:24.721,urn:cite:hmt:msA.325r
urn:cts:greekLit:tlg0012.tlg001.msA:24.722,urn:cite:hmt:msA.325r
urn:cts:greekLit:tlg0012.tlg001.msA:24.723,urn:cite:hmt:msA.325r
urn:cts:greekLit:tlg0012.tlg001.msA:24.724,urn:cite:hmt:msA.325r
urn:cts:greekLit:tlg0012.tlg001.msA:24.725,urn:cite:hmt:msA.325r
urn:cts:greekLit:tlg0012.tlg001.msA:24.726,urn:cite:hmt:msA.325r
urn:cts:greekLit:tlg0012.tlg001.msA:24.727,urn:cite:hmt:msA.325r
urn:cts:greekLit:tlg0012.tlg001.msA:24.728,urn:cite:hmt:msA.325r
urn:cts:greekLit:tlg0012.tlg001.msA:24.729,urn:cite:hmt:msA.325r
urn:cts:greekLit:tlg0012.tlg001.msA:24.730,urn:cite:hmt:msA.325r
urn:cts:greekLit:tlg0012.tlg001.msA:24.731,urn:cite:hmt:msA.325v
urn:cts:greekLit:tlg0012.tlg001.msA:24.732,urn:cite:hmt:msA.325v
urn:cts:greekLit:tlg0012.tlg001.msA:24.733,urn:cite:hmt:msA.325v
urn:cts:greekLit:tlg0012.tlg001.msA:24.734,urn:cite:hmt:msA.325v
urn:cts:greekLit:tlg0012.tlg001.msA:24.735,urn:cite:hmt:msA.325v
urn:cts:greekLit:tlg0012.tlg001.msA:24.736,urn:cite:hmt:msA.325v
urn:cts:greekLit:tlg0012.tlg001.msA:24.737,urn:cite:hmt:msA.325v
urn:cts:greekLit:tlg0012.tlg001.msA:24.738,urn:cite:hmt:msA.325v
urn:cts:greekLit:tlg0012.tlg001.msA:24.739,urn:cite:hmt:msA.325v
urn:cts:greekLit:tlg0012.tlg001.msA:24.740,urn:cite:hmt:msA.325v
urn:cts:greekLit:tlg0012.tlg001.msA:24.741,urn:cite:hmt:msA.325v
urn:cts:greekLit:tlg0012.tlg001.msA:24.742,urn:cite:hmt:msA.325v
urn:cts:greekLit:tlg0012.tlg001.msA:24.743,urn:cite:hmt:msA.325v
urn:cts:greekLit:tlg0012.tlg001.msA:24.744,urn:cite:hmt:msA.325v
urn:cts:greekLit:tlg0012.tlg001.msA:24.745,urn:cite:hmt:msA.325v
urn:cts:greekLit:tlg0012.tlg001.msA:24.746,urn:cite:hmt:msA.325v
urn:cts:greekLit:tlg0012.tlg001.msA:24.747,urn:cite:hmt:msA.325v
urn:cts:greekLit:tlg0012.tlg001.msA:24.748,urn:cite:hmt:msA.325v
urn:cts:greekLit:tlg0012.tlg001.msA:24.749,urn:cite:hmt:msA.325v
urn:cts:greekLit:tlg0012.tlg001.msA:24.750,urn:cite:hmt:msA.325v
urn:cts:greekLit:tlg0012.tlg001.msA:24.751,urn:cite:hmt:msA.325v
urn:cts:greekLit:tlg0012.tlg001.msA:24.752,urn:cite:hmt:msA.325v
urn:cts:greekLit:tlg0012.tlg001.msA:24.753,urn:cite:hmt:msA.325v
urn:cts:greekLit:tlg0012.tlg001.msA:24.754,urn:cite:hmt:msA.325v
urn:cts:greekLit:tlg0012.tlg001.msA:24.755,urn:cite:hmt:msA.325v
urn:cts:greekLit:tlg0012.tlg001.msA:24.756,urn:cite:hmt:msA.326r
urn:cts:greekLit:tlg0012.tlg001.msA:24.757,urn:cite:hmt:msA.326r
urn:cts:greekLit:tlg0012.tlg001.msA:24.758,urn:cite:hmt:msA.326r
urn:cts:greekLit:tlg0012.tlg001.msA:24.759,urn:cite:hmt:msA.326r
urn:cts:greekLit:tlg0012.tlg001.msA:24.760,urn:cite:hmt:msA.326r
urn:cts:greekLit:tlg0012.tlg001.msA:24.761,urn:cite:hmt:msA.326r
urn:cts:greekLit:tlg0012.tlg001.msA:24.762,urn:cite:hmt:msA.326r
urn:cts:greekLit:tlg0012.tlg001.msA:24.763,urn:cite:hmt:msA.326r
urn:cts:greekLit:tlg0012.tlg001.msA:24.764,urn:cite:hmt:msA.326r
urn:cts:greekLit:tlg0012.tlg001.msA:24.765,urn:cite:hmt:msA.326r
urn:cts:greekLit:tlg0012.tlg001.msA:24.766,urn:cite:hmt:msA.326r
urn:cts:greekLit:tlg0012.tlg001.msA:24.767,urn:cite:hmt:msA.326r
urn:cts:greekLit:tlg0012.tlg001.msA:24.768,urn:cite:hmt:msA.326r
urn:cts:greekLit:tlg0012.tlg001.msA:24.769,urn:cite:hmt:msA.326r
urn:cts:greekLit:tlg0012.tlg001.msA:24.770,urn:cite:hmt:msA.326r
urn:cts:greekLit:tlg0012.tlg001.msA:24.771,urn:cite:hmt:msA.326r
urn:cts:greekLit:tlg0012.tlg001.msA:24.772,urn:cite:hmt:msA.326r
urn:cts:greekLit:tlg0012.tlg001.msA:24.773,urn:cite:hmt:msA.326r
urn:cts:greekLit:tlg0012.tlg001.msA:24.774,urn:cite:hmt:msA.326r
urn:cts:greekLit:tlg0012.tlg001.msA:24.775,urn:cite:hmt:msA.326r
urn:cts:greekLit:tlg0012.tlg001.msA:24.776,urn:cite:hmt:msA.326r
urn:cts:greekLit:tlg0012.tlg001.msA:24.777,urn:cite:hmt:msA.326r
urn:cts:greekLit:tlg0012.tlg001.msA:24.778,urn:cite:hmt:msA.326r
urn:cts:greekLit:tlg0012.tlg001.msA:24.779,urn:cite:hmt:msA.326r
urn:cts:greekLit:tlg0012.tlg001.msA:24.780,urn:cite:hmt:msA.326r
urn:cts:greekLit:tlg0012.tlg001.msA:24.781,urn:cite:hmt:msA.326v
urn:cts:greekLit:tlg0012.tlg001.msA:24.782,urn:cite:hmt:msA.326v
urn:cts:greekLit:tlg0012.tlg001.msA:24.783,urn:cite:hmt:msA.326v
urn:cts:greekLit:tlg0012.tlg001.msA:24.784,urn:cite:hmt:msA.326v
urn:cts:greekLit:tlg0012.tlg001.msA:24.785,urn:cite:hmt:msA.326v
urn:cts:greekLit:tlg0012.tlg001.msA:24.786,urn:cite:hmt:msA.326v
urn:cts:greekLit:tlg0012.tlg001.msA:24.787,urn:cite:hmt:msA.326v
urn:cts:greekLit:tlg0012.tlg001.msA:24.788,urn:cite:hmt:msA.326v
urn:cts:greekLit:tlg0012.tlg001.msA:24.789,urn:cite:hmt:msA.326v
urn:cts:greekLit:tlg0012.tlg001.msA:24.790,urn:cite:hmt:msA.326v
urn:cts:greekLit:tlg0012.tlg001.msA:24.791,urn:cite:hmt:msA.326v
urn:cts:greekLit:tlg0012.tlg001.msA:24.792,urn:cite:hmt:msA.326v
urn:cts:greekLit:tlg0012.tlg001.msA:24.793,urn:cite:hmt:msA.326v
urn:cts:greekLit:tlg0012.tlg001.msA:24.794,urn:cite:hmt:msA.326v
urn:cts:greekLit:tlg0012.tlg001.msA:24.795,urn:cite:hmt:msA.326v
urn:cts:greekLit:tlg0012.tlg001.msA:24.796,urn:cite:hmt:msA.326v
urn:cts:greekLit:tlg0012.tlg001.msA:24.797,urn:cite:hmt:msA.326v
urn:cts:greekLit:tlg0012.tlg001.msA:24.798,urn:cite:hmt:msA.326v
urn:cts:greekLit:tlg0012.tlg001.msA:24.799,urn:cite:hmt:msA.326v
urn:cts:greekLit:tlg0012.tlg001.msA:24.800,urn:cite:hmt:msA.326v
urn:cts:greekLit:tlg0012.tlg001.msA:24.801,urn:cite:hmt:msA.326v
urn:cts:greekLit:tlg0012.tlg001.msA:24.802,urn:cite:hmt:msA.326v
urn:cts:greekLit:tlg0012.tlg001.msA:24.803,urn:cite:hmt:msA.326v
urn:cts:greekLit:tlg0012.tlg001.msA:24.804,urn:cite:hmt:msA.326v
